sr no,Barcode,Market Manager _id,Pickup Boy_id,Pickup Name,Pickup Phone,Pickup Email,Pickup gst,Pickup Pincode,Pickup City,Pickup State,Pickup Address,Consignee Name,Consignee Phone,Consignee Email,Consignee Pincode,Consignee City,Consignee State,Consignee Address,Payment Method,Package Weight,Package Length,Package Width,Package Height,Fuel Charge,Pickup Charge,Other service Charge
1,,,,LEX DIGITAL,123456789,,,110053,BHAJANPURA,DELHI,BHAJANPURA,NALLA SATYA RAMA MOHANA RAVITEJA,123456789,,533262,ANDHRA PRADESH,ANDHRA PRADESH,2-94 NALLA VARI STREET KAJULURU MANDALAM JAGANNATHAGIRI JAGANNADHAGIRI NEAR SIVALAYAM TEMPLE KAKINADA ANDHRA PRADESH 533262,PREPAID,20,,,,,,
2,,,,LEX DIGITAL,123456789,,,110053,BHAJANPURA,DELHI,BHAJANPURA,GIRIDHAR SAI KUMAR YASAWI DEVARAKONDA,123456789,,520011,ANDHRA PRADESH,ANDHRA PRADESH,SRWA-371 2ND FLOOR VIJAYA PALASE 3RD LINE SRI NAGAR OPP SUKHIBHAVA HOSPITAL VIJAYAWADA URBAN KRISHNA ANDHRA PRADESH 520011,PREPAID,20,,,,,,
3,,,,LEX DIGITAL,123456789,,,110053,BHAJANPURA,DELHI,BHAJANPURA,JAGADEESH GUDLA,123456789,,521301,ANDHRA PRADESH,ANDHRA PRADESH,1976 KRISHNA ANDHRA PRADESH 521301,PREPAID,20,,,,,,
4,,,,LEX DIGITAL,123456789,,,110053,BHAJANPURA,DELHI,BHAJANPURA,SHAIK ALLAUDDIN,123456789,,522603,ANDHRA PRADESH,ANDHRA PRADESH,"2156,RICE MILL STREET,NEAR RICE GUNTUR ANDHRA PRADESH 522603",PREPAID,20,,,,,,
5,,,,LEX DIGITAL,123456789,,,110053,BHAJANPURA,DELHI,BHAJANPURA,K SREENIVASULU,123456789,,517644,ANDHRA PRADESH,ANDHRA PRADESH,"1429,IMAM,NEAR RTC BUS STAND CHITTOOR ANDHRA PRADESH 517644",PREPAID,20,,,,,,
6,,,,LEX DIGITAL,123456789,,,110053,BHAJANPURA,DELHI,BHAJANPURA,MANGENA KRISHNA JYOTHI,123456789,,534447,ANDHRA PRADESH,ANDHRA PRADESH,"F 2 BALAJI TOWERS,LAKSHMI HOSPITAL OPP WEST GODAVARI ANDHRA PRADESH 534447",PREPAID,20,,,,,,
7,,,,LEX DIGITAL,123456789,,,110053,BHAJANPURA,DELHI,BHAJANPURA,BHAGAM MOUNICA,123456789,,521137,ANDHRA PRADESH,ANDHRA PRADESH,"12-175 PORANKI ,RURALAVANIGADDA,, KRISHNA ANDHRA PRADESH 521137",PREPAID,20,,,,,,
8,,,,LEX DIGITAL,123456789,,,110053,BHAJANPURA,DELHI,BHAJANPURA,SASIDHAR REDDY UDUMULA,123456789,,201301,UTTAR PRADESH,UTTAR PRADESH,B 236 KENDRIYA VIHAR SECTOR 51 NOIDA GAUTAM BUDDHA NAGAR UTTAR PRADESH 201301,PREPAID,20,,,,,,
9,,,,LEX DIGITAL,123456789,,,110053,BHAJANPURA,DELHI,BHAJANPURA,PALLPU MADHAVARAO,123456789,,524201,ANDHRA PRADESH,ANDHRA PRADESH,"00 BC COLONY VADDI PALEM MUSUNURU KAVALI BIT -II (RURAL) NELLORE ANDHRA PRADESH KAVALI, ELLORE, 524201",PREPAID,20,,,,,,
10,,,,LEX DIGITAL,123456789,,,110053,BHAJANPURA,DELHI,BHAJANPURA,CHITTAMREDDY YUGANDHAR REDDY,123456789,,515001,ANDHRA PRADESH,ANDHRA PRADESH,HOUSING BOARD ANANTAPUR ANDHRA PRADESH 515001,PREPAID,20,,,,,,
11,,,,LEX DIGITAL,123456789,,,110053,BHAJANPURA,DELHI,BHAJANPURA,VENKATA VIKRAM DARISI,123456789,,524003,ANDHRA PRADESH,ANDHRA PRADESH,4BRAMALINGAPURAM NELLORE ANDHRA PRADESH 524003,PREPAID,20,,,,,,
12,,,,LEX DIGITAL,123456789,,,110053,BHAJANPURA,DELHI,BHAJANPURA,MATTA PRIYANKA,123456789,,521456,ANDHRA PRADESH,ANDHRA PRADESH,24-99 PRASAD NAGAR IBRAHIMPATNAM KRISHNA ANDHRA PRADESH 521456,PREPAID,20,,,,,,
13,,,,LEX DIGITAL,123456789,,,110053,BHAJANPURA,DELHI,BHAJANPURA,KUMAR MITHILESH,123456789,,530047,ANDHRA PRADESH,ANDHRA PRADESH,"S4 NADUTHOTA VISAKHAPATNAM,SAI NAGER VISHAKHAPATNAM ANDHRA PRADESH 530047",PREPAID,20,,,,,,
14,,,,LEX DIGITAL,123456789,,,110053,BHAJANPURA,DELHI,BHAJANPURA,PATHIPUTTURU BALAKRISHNA,123456789,,517501,ANDHRA PRADESH,ANDHRA PRADESH,"DNO-1,THOTL MALAPALLE, PATHIPUTHURU,VADAMALAPETA, CHITTOOR ANDHRA PRADESH 517501",PREPAID,20,,,,,,
15,,,,LEX DIGITAL,123456789,,,110053,BHAJANPURA,DELHI,BHAJANPURA,CHEPURI NATRAJ,123456789,,533001,ANDHRA PRADESH,ANDHRA PRADESH,16-23-633D 2ND LANENEAR SAI BABA TEMPLE PALLAMRAJUNAG AR KAKINADA EAST GODAVARI ANDHRA PRADESH 533001,PREPAID,20,,,,,,
16,,,,LEX DIGITAL,123456789,,,110053,BHAJANPURA,DELHI,BHAJANPURA,K SUKANYA,123456789,,515671,ANDHRA PRADESH,ANDHRA PRADESH,SHIVANAGAR 4-1260-4 DHARMAVARAM ANANTAPUR ANDHRA PRADESH 515671,PREPAID,20,,,,,,
17,,,,LEX DIGITAL,123456789,,,110053,BHAJANPURA,DELHI,BHAJANPURA,MANDALAPARTHI SUJATHA,123456789,,520015,ANDHRA PRADESH,ANDHRA PRADESH,"43-107/1-14,POOJITHA RESIDENCE ,PIPULA ROAD ,AJITH SING H NAGAR, VIJAYAWADA KRISHNA ANDHRA PRADESH 520015",PREPAID,20,,,,,,
18,,,,LEX DIGITAL,123456789,,,110053,BHAJANPURA,DELHI,BHAJANPURA,RAVI KUMAR GANAPAVARAPU,123456789,,522616,ANDHRA PRADESH,ANDHRA PRADESH,4-105CHILAKALURIPET GUNTUR ANDHRA PRADESH 522616,PREPAID,20,,,,,,
19,,,,LEX DIGITAL,123456789,,,110053,BHAJANPURA,DELHI,BHAJANPURA,MAHAMMADH BASHA,123456789,,521162,ANDHRA PRADESH,ANDHRA PRADESH,"MALLAVOLU, GUDURU MANDAL ,KRISHAN DRSTIC AP,LADIES TAIL OR KRISHNA ANDHRA PRADESH 521162",PREPAID,20,,,,,,
20,,,,LEX DIGITAL,123456789,,,110053,BHAJANPURA,DELHI,BHAJANPURA,DARAVATHU SIREESHA,123456789,,521190,ANDHRA PRADESH,ANDHRA PRADESH,"2-58,JPT ROAD,NEAR AYYAPPA TEMPLE KRISHNA ANDHRA PRADESH 521190",PREPAID,20,,,,,,
21,,,,LEX DIGITAL,123456789,,,110053,BHAJANPURA,DELHI,BHAJANPURA,VEGURU SREENIVASA RAO,123456789,,524121,ANDHRA PRADESH,ANDHRA PRADESH,D2-221 PULICAT NAGARSULLURPET NELLORE ANDHRA PRADESH 524121,PREPAID,20,,,,,,
22,,,,LEX DIGITAL,123456789,,,110053,BHAJANPURA,DELHI,BHAJANPURA,RAMESHBABU NEELISETTY,123456789,,530026,ANDHRA PRADESH,ANDHRA PRADESH,12-23-11/2 SEETARAM NAGAR GAJUWAKA VISAKHAPATNAM ANDHRA PRADESH 530026,PREPAID,20,,,,,,
23,,,,LEX DIGITAL,123456789,,,110053,BHAJANPURA,DELHI,BHAJANPURA,A NAVEEN KUMAR,123456789,,517501,ANDHRA PRADESH,ANDHRA PRADESH,7-5/A SAI NAGAR KESAVAYANAGUNTA TIRUPATI URBAN ANDHRA PRADESH 517501,PREPAID,20,,,,,,
24,,,,LEX DIGITAL,123456789,,,110053,BHAJANPURA,DELHI,BHAJANPURA,KOMARAPU GOVINDAMMA,123456789,,532460,ANDHRA PRADESH,ANDHRA PRADESH,"MAIN VEEDHI 0-00 , CHIDIMI,CHIDIMI,SRIKAKULAM SRIKAKULAM ANDHRA PRADESH 532460",PREPAID,20,,,,,,
25,,,,LEX DIGITAL,123456789,,,110053,BHAJANPURA,DELHI,BHAJANPURA,VEGI VEERABABU,123456789,,530026,ANDHRA PRADESH,ANDHRA PRADESH,"27-7-93, NEAR RAMILAYAM ARCH , SRINAGAR, VISHAKAPATNAM, GAJUWAKA, VISHAKAPATNAM 530026 VISAKHAPATNAM ANDHRA PRADESH",PREPAID,20,,,,,,
26,,,,LEX DIGITAL,123456789,,,110053,BHAJANPURA,DELHI,BHAJANPURA,RAMBABU SIDDHA,123456789,,533101,ANDHRA PRADESH,ANDHRA PRADESH,"45-36-8, AMBEDHKAR NAGAR EAST GODAVARI ANDHRA PRADESH 533101",PREPAID,20,,,,,,
27,,,,LEX DIGITAL,123456789,,,110053,BHAJANPURA,DELHI,BHAJANPURA,SURADA LAVANYA,123456789,,530001,ANDHRA PRADESH,ANDHRA PRADESH,DNO-25-14-21 PATHA SALI PETA KURPA MARKET VISAKHAPATNAM ANDHRA PRADESH 530001,PREPAID,20,,,,,,
28,,,,LEX DIGITAL,123456789,,,110053,BHAJANPURA,DELHI,BHAJANPURA,DEVARAPALLI DIVYA LAKSHMI SARANYA,123456789,,516309,ANDHRA PRADESH,ANDHRA PRADESH,"2/131,THUMMALA PALLE YERRAGUNTLA THUMMALAPALLE CUDDAPAH ANDHRA PRADESH 516309",PREPAID,20,,,,,,
29,,,,LEX DIGITAL,123456789,,,110053,BHAJANPURA,DELHI,BHAJANPURA,VADLAMUDI RAJA,123456789,,520002,ANDHRA PRADESH,ANDHRA PRADESH,28/1/71 ELURU ROAD VIJAYAWADA URBAN BUCKINGHAMPET BESIDE RAJU GHEE SWEETS KRISHNA ANDHRA PRADESH 520002,PREPAID,20,,,,,,
30,,,,LEX DIGITAL,123456789,,,110053,BHAJANPURA,DELHI,BHAJANPURA,PILLI SANTHI,123456789,,521212,ANDHRA PRADESH,ANDHRA PRADESH,"D NO 9-53 AGIRIPALLI AADIVINEKALAM,VIJAYAWADA KRISHNA ANDHRA PRADESH 521212",PREPAID,20,,,,,,
31,,,,LEX DIGITAL,123456789,,,110053,BHAJANPURA,DELHI,BHAJANPURA,SAIPRASAD S VASAMSETTY,123456789,,533210,ANDHRA PRADESH,ANDHRA PRADESH,"7-150, SIVALAYAM VEEDHI, KOMARAGIRIPATNAM, ALLAVARAM, EAST GODAVARI, ANDHRA PRADESH, GODAVARI PRADESH 533210",PREPAID,20,,,,,,
32,,,,LEX DIGITAL,123456789,,,110053,BHAJANPURA,DELHI,BHAJANPURA,BOTTA SUBRAHMANAYAM,123456789,,521212,ANDHRA PRADESH,ANDHRA PRADESH,2-60 VIJAYAWADA RURAL NUNNA KRISHNA ANDHRA PRADESH 521212,PREPAID,20,,,,,,
33,,,,LEX DIGITAL,123456789,,,110053,BHAJANPURA,DELHI,BHAJANPURA,ANAND KUMAR GURRAM,123456789,,522201,ANDHRA PRADESH,ANDHRA PRADESH,"15-14-25, UPPU BAZAR SUBBARAO STREET, TENALI GUNTUR ANDHRA PRADESH 522201",PREPAID,20,,,,,,
34,,,,LEX DIGITAL,123456789,,,110053,BHAJANPURA,DELHI,BHAJANPURA,SHAIK MASTAN,123456789,,521001,ANDHRA PRADESH,ANDHRA PRADESH,15/323-9 MACHAVARAM MACHILIPATNAM KRISHNA ANDHRA PRADESH 521001,PREPAID,20,,,,,,
35,,,,LEX DIGITAL,123456789,,,110053,BHAJANPURA,DELHI,BHAJANPURA,PAPPU NAGA SUBRAHMANYA CHAKRADHAR,123456789,,533286,ANDHRA PRADESH,ANDHRA PRADESH,6-162/A GANGABHAVANI NAGAR RAMPA YERRAMPALEM NEAR DEVIGUDI EAST GODAVARI ANDHRA PRADESH 533286,PREPAID,20,,,,,,
36,,,,LEX DIGITAL,123456789,,,110053,BHAJANPURA,DELHI,BHAJANPURA,SHAIK SYED BASHA,123456789,,518502,ANDHRA PRADESH,ANDHRA PRADESH,"HNO-2/150 AYYALUR NANDYALA MANDALAM,AYYALUR,KURNOOL KURNOOL ANDHRA PRADESH 518502",PREPAID,20,,,,,,
37,,,,LEX DIGITAL,123456789,,,110053,BHAJANPURA,DELHI,BHAJANPURA,SAYYAPUREDDI V V SATYANARAYANA,123456789,,533440,ANDHRA PRADESH,ANDHRA PRADESH,"18-12-62, SAI NAGAR, NAGAR SAMARLAKOTA, EAST GODAVARI ANDHRA PRADESH 533440",PREPAID,20,,,,,,
38,,,,LEX DIGITAL,123456789,,,110053,BHAJANPURA,DELHI,BHAJANPURA,KOTAKONDA PRAKASH,123456789,,517583,ANDHRA PRADESH,ANDHRA PRADESH,"1-95A,CHERLOPALLI PUTTUR CHITTOOR ANDHRA PRADESH 517583",PREPAID,20,,,,,,
39,,,,LEX DIGITAL,123456789,,,110053,BHAJANPURA,DELHI,BHAJANPURA,PARAALA RUSHENDRA BABU,123456789,,517590,ANDHRA PRADESH,ANDHRA PRADESH,2-56 SHETTIGUNTA TADUKUPETA VENKATANARASIMHA -RAJUVARIPET CHITTOOR ANDHRA PRADESH 517590,PREPAID,20,,,,,,
40,,,,LEX DIGITAL,123456789,,,110053,BHAJANPURA,DELHI,BHAJANPURA,VENKATA RAMBABU YATIRAJAM,123456789,,534001,ANDHRA PRADESH,ANDHRA PRADESH,"15-114,VENKATAPURAM PANCHAYITHI ELURU WEST GODAVARI ANDHRA PRADESH 534001",PREPAID,20,,,,,,
41,,,,LEX DIGITAL,123456789,,,110053,BHAJANPURA,DELHI,BHAJANPURA,GANGARAJULA KUPPUSWAMI,123456789,,534301,ANDHRA PRADESH,ANDHRA PRADESH,"13-24-284 N.T.R COLONY, NIDADAVOLE WEST GODAVARI ANDHRA PRADESH 534301",PREPAID,20,,,,,,
42,,,,LEX DIGITAL,123456789,,,110053,BHAJANPURA,DELHI,BHAJANPURA,BANOTHU SRINIVASBABU,123456789,,530032,ANDHRA PRADESH,ANDHRA PRADESH,"304/B,SECTOR 8 PEDAGANTYADA SECTOR VISHAKHAPATNAM ANDHRA PRADESH 530032",PREPAID,20,,,,,,
43,,,,LEX DIGITAL,123456789,,,110053,BHAJANPURA,DELHI,BHAJANPURA,JAYAKRISHNA RAGALA,123456789,,524314,ANDHRA PRADESH,ANDHRA PRADESH,5-16SAMBAN STREET PALLIPADU VILLAGE NELLORE ANDHRA PRADESH 524314,PREPAID,20,,,,,,
44,,,,LEX DIGITAL,123456789,,,110053,BHAJANPURA,DELHI,BHAJANPURA,KODURU SRINIVASULU,123456789,,524123,ANDHRA PRADESH,ANDHRA PRADESH,"00, CHINNA ULASAPADAVA, SULLURUPETA MANDAL MANNEMUTHERI NELLORE ANDHRA PRADESH 524123",PREPAID,20,,,,,,
45,,,,LEX DIGITAL,123456789,,,110053,BHAJANPURA,DELHI,BHAJANPURA,DHANARAJ GOVINDHA RAJ,123456789,,517001,ANDHRA PRADESH,ANDHRA PRADESH,2-1118ALNCOLONY ROAD CHITTOOR ANDHRA PRADESH 517001,PREPAID,20,,,,,,
46,,,,LEX DIGITAL,123456789,,,110053,BHAJANPURA,DELHI,BHAJANPURA,TEJASWINI TRIPURAMALLU,123456789,,522002,ANDHRA PRADESH,ANDHRA PRADESH,COBELTPETA 4 TH LINE 5-59-32 GUNTUR ANDHRA PRADESH 522002,PREPAID,20,,,,,,
47,,,,LEX DIGITAL,123456789,,,110053,BHAJANPURA,DELHI,BHAJANPURA,MACHHAPPA GARI RAVI TEJA,123456789,,515261,ANDHRA PRADESH,ANDHRA PRADESH,"1-10-2, VITTAAPALLI, S C COLONY, VITTAPALLE, ANANTAPUR 1-10-2 VITTAPALLI SC COLONY VITTAPALLE ANDHRA PRADESH 515261",PREPAID,20,,,,,,
48,,,,LEX DIGITAL,123456789,,,110053,BHAJANPURA,DELHI,BHAJANPURA,NANDYALA RAMBABU,123456789,,533213,ANDHRA PRADESH,ANDHRA PRADESH,"3-50 CHERUVU GATTU THANDAVAPALLI, AMALAPURAM MANDALM EAST GODAVARI ANDHRA PRADESH 533213",PREPAID,20,,,,,,
49,,,,LEX DIGITAL,123456789,,,110053,BHAJANPURA,DELHI,BHAJANPURA,PATTAN ABDUL RAZAK,123456789,,524004,ANDHRA PRADESH,ANDHRA PRADESH,A1/532 SIVAJI COLONY BUJA NELLORE RURAL ANDHRA PRADESH 524004,PREPAID,20,,,,,,
50,,,,LEX DIGITAL,123456789,,,110053,BHAJANPURA,DELHI,BHAJANPURA,LAKSHMI NARAYANA PAPISHETTY,123456789,,518501,ANDHRA PRADESH,ANDHRA PRADESH,4-62AKRANTHI NAGAR KURNOOL ANDHRA PRADESH 518501,PREPAID,20,,,,,,
51,,,,LEX DIGITAL,123456789,,,110053,BHAJANPURA,DELHI,BHAJANPURA,RAJOLI VIJAYA LAKSHMI,123456789,,518003,ANDHRA PRADESH,ANDHRA PRADESH,"H NO 76-97/380/9, NTR NAGAR, KALLUR KURNOOL ANDHRA PRADESH 518003",PREPAID,20,,,,,,
52,,,,LEX DIGITAL,123456789,,,110053,BHAJANPURA,DELHI,BHAJANPURA,PERUMALLAPALLI MANI RAJU,123456789,,521301,ANDHRA PRADESH,ANDHRA PRADESH,5-79 DRIVER NAGAR GUDIVADA KRISHNA ANDHRA PRADESH 521301,PREPAID,20,,,,,,
53,,,,LEX DIGITAL,123456789,,,110053,BHAJANPURA,DELHI,BHAJANPURA,AVANIGADDA SATISH KUMAR,123456789,,534235,ANDHRA PRADESH,ANDHRA PRADESH,H-N-1-120 AKIVIDU WEST GODAVARI ANDHRA PRADESH 534235,PREPAID,20,,,,,,
54,,,,LEX DIGITAL,123456789,,,110053,BHAJANPURA,DELHI,BHAJANPURA,KOLIPARA NAGARAJU,123456789,,534002,ANDHRA PRADESH,ANDHRA PRADESH,H NO 27-1-30/1 AMEENA PETA ELURU WEST GODAVARI ANDHRA PRADESH 534002,PREPAID,20,,,,,,
55,,,,LEX DIGITAL,123456789,,,110053,BHAJANPURA,DELHI,BHAJANPURA,PALANI MANIKYAMBA,123456789,,533468,ANDHRA PRADESH,ANDHRA PRADESH,4-290/1 BASAVESWARA GUDI VEEDI GORRIPUDI KARAPA MANDALAM EAST GODAVARI ANDHRA PRADESH 533468,PREPAID,20,,,,,,
56,,,,LEX DIGITAL,123456789,,,110053,BHAJANPURA,DELHI,BHAJANPURA,RAVI PRAKASH NAMABATHULA,123456789,,533235,ANDHRA PRADESH,ANDHRA PRADESH,HARJANA PETE YADIPUDI ATREYAPURAMEAST GODARI AP 5332 35 EAST GODAVARI ANDHRA PRADESH 533235,PREPAID,20,,,,,,
57,,,,LEX DIGITAL,123456789,,,110053,BHAJANPURA,DELHI,BHAJANPURA,KONDRUPATI VAMSI BABU,123456789,,521201,ANDHRA PRADESH,ANDHRA PRADESH,4-4-445 NUZVID MANDALAM MUKKOLLUPADU KRISHNA ANDHRA PRADESH 521201,PREPAID,20,,,,,,
58,,,,LEX DIGITAL,123456789,,,110053,BHAJANPURA,DELHI,BHAJANPURA,MARISETTI RAVITEJA,123456789,,534456,ANDHRA PRADESH,ANDHRA PRADESH,1-97 APPALARAJUGUDOM RAMALAYAM BACKSIDE NARASAPURA MANDALAM WEST GODAVARI ANDHRA PRADESH 534456,PREPAID,20,,,,,,
59,,,,LEX DIGITAL,123456789,,,110053,BHAJANPURA,DELHI,BHAJANPURA,GADAM LALITHA,123456789,,521105,ANDHRA PRADESH,ANDHRA PRADESH,4-150 HARIJANAVADA BAPULAPADU KRISHNA ANDHRA PRADESH 521105,PREPAID,20,,,,,,
60,,,,LEX DIGITAL,123456789,,,110053,BHAJANPURA,DELHI,BHAJANPURA,DAS S,123456789,,517128,ANDHRA PRADESH,ANDHRA PRADESH,D.NO-26-452 IRUVARAM CHITTOOR ANDHRA PRADESH 517128,PREPAID,20,,,,,,
61,,,,LEX DIGITAL,123456789,,,110053,BHAJANPURA,DELHI,BHAJANPURA,DASARI RADHA,123456789,,516001,ANDHRA PRADESH,ANDHRA PRADESH,"D.NO-43/3-1,PRAKASH NAGAR CUDDAPAH ANDHRA PRADESH 516001",PREPAID,20,,,,,,
62,,,,LEX DIGITAL,123456789,,,110053,BHAJANPURA,DELHI,BHAJANPURA,SHAREEF SHAIK,123456789,,524004,ANDHRA PRADESH,ANDHRA PRADESH,"SO SHAIK MASTHAN 484 10TH STREET RAM NAGAR BUJA N,ENELLORE NELLORE RURAL ANDHRA PRADESH 524004",PREPAID,20,,,,,,
63,,,,LEX DIGITAL,123456789,,,110053,BHAJANPURA,DELHI,BHAJANPURA,JAI VENKATA NAGA DURGA KUMAR GURAJA,123456789,,520015,ANDHRA PRADESH,ANDHRA PRADESH,"S/O VENKATA MALLIKARJUNA RAO 43-115-7A, P AND T COLONY AJITH SINGH NAGAR, VIJAYAWADA URBAN KRISHNA ANDHRA PRADESH 520015",PREPAID,20,,,,,,
64,,,,LEX DIGITAL,123456789,,,110053,BHAJANPURA,DELHI,BHAJANPURA,SHAIK SHAKUN BEE,123456789,,518501,ANDHRA PRADESH,ANDHRA PRADESH,H NO 29/2007E TEKKE NANDYAL KURNOOL ANDHRA PRADESH 518501,PREPAID,20,,,,,,
65,,,,LEX DIGITAL,123456789,,,110053,BHAJANPURA,DELHI,BHAJANPURA,HARIJANA ERAPPA GARI VANNURUSWAMY,123456789,,515870,ANDHRA PRADESH,ANDHRA PRADESH,BOMMANAHAL BOLLANAGUNDDAM ANANTAPUR ANDHRA PRADESH 515870,PREPAID,20,,,,,,
66,,,,LEX DIGITAL,123456789,,,110053,BHAJANPURA,DELHI,BHAJANPURA,PRITI BINDU CHAKMA,123456789,,792056,ARUNACHAL PRADESH,ARUNACHAL PRADESH,VILL MILONPUR BIJOYPUR III BI I N II CHANGLANG ARUNACHAL PRADESH 792056 DUPON CHAKMA 9383325182,PREPAID,20,,,,,,
67,,,,LEX DIGITAL,123456789,,,110053,BHAJANPURA,DELHI,BHAJANPURA,DEWAN SOLEMAN ALI HASSAN,123456789,,781040,ASSAM,ASSAM,H ON NEW LOKHRA SAWKUCHI NEAR NFR COLLEGE GUWAHATI ASSAM 781040,PREPAID,20,,,,,,
68,,,,LEX DIGITAL,123456789,,,110053,BHAJANPURA,DELHI,BHAJANPURA,NABAJYOTI BARMAN,123456789,,781304,ASSAM,ASSAM,KAKAYA PO:KAKAYA DIST:NALBARI NALBARI ASSAM 781304,PREPAID,20,,,,,,
69,,,,LEX DIGITAL,123456789,,,110053,BHAJANPURA,DELHI,BHAJANPURA,DEEPAK BHARALI,123456789,,781101,ASSAM,ASSAM,C/O JADAV BHARALI PANITEMA KAMRUP-781101 KAMRUP ASSAM 781101,PREPAID,20,,,,,,
70,,,,LEX DIGITAL,123456789,,,110053,BHAJANPURA,DELHI,BHAJANPURA,GULAM RABBANI,123456789,,784514,ASSAM,ASSAM,C/O LT SULTAN AHMED NO 4 BARUAJHAR PO-BECHIMARI 3 LALPUL BAZAR DALGAON UDALGURI ASSAM DARRANG 784514,PREPAID,20,,,,,,
71,,,,LEX DIGITAL,123456789,,,110053,BHAJANPURA,DELHI,BHAJANPURA,RAJIB TALUKDAR,123456789,,781348,ASSAM,ASSAM,VILL/TOWN PASCHIM KHATAR KALAKUCHI P S MUKALMUA SUB DIVN NALBARI DIST ASSAM 781348,PREPAID,20,,,,,,
72,,,,LEX DIGITAL,123456789,,,110053,BHAJANPURA,DELHI,BHAJANPURA,SHARITA ROUTH,123456789,,788806,ASSAM,ASSAM,C/N-7(B) NEAR SHONI MANDIR BADARPUR KARIMGANJ ASSAM 788806,PREPAID,20,,,,,,
73,,,,LEX DIGITAL,123456789,,,110053,BHAJANPURA,DELHI,BHAJANPURA,MIRA KALITA,123456789,,781125,ASSAM,ASSAM,C/O BABUL KALITA NEAR SWAHID BHAWAN KOKJAR KAMRUP ASSAM 781125,PREPAID,20,,,,,,
74,,,,LEX DIGITAL,123456789,,,110053,BHAJANPURA,DELHI,BHAJANPURA,MOHAN SINGH,123456789,,787001,ASSAM,ASSAM,VILL CHAPORIGAON WARD NO 12 PO NORTH LAKHIMPUR DIST ASSAM 787001,PREPAID,20,,,,,,
75,,,,LEX DIGITAL,123456789,,,110053,BHAJANPURA,DELHI,BHAJANPURA,MD KAMAL HUSSAIN,123456789,,782124,ASSAM,ASSAM,VILL KENDUGURI PO TINSUKIA NAGAON ASSAM 782124,PREPAID,20,,,,,,
76,,,,LEX DIGITAL,123456789,,,110053,BHAJANPURA,DELHI,BHAJANPURA,BIDYASING TERANG,123456789,,782480,ASSAM,ASSAM,"LAKCHO TERON GAON, GANDHIPUR LINE BASTI, PO-KULIGAON, PS-BOKAJAN 6001686767(ELWIN TERON) 9395739984(SARLONGKI TERANG) KARBI ANGLONG ASSAM 782480",PREPAID,20,,,,,,
77,,,,LEX DIGITAL,123456789,,,110053,BHAJANPURA,DELHI,BHAJANPURA,BHARGOV PHUKAN,123456789,,782441,ASSAM,ASSAM,VILL-NAGIAGAON BHALUK JAN KARBI ANGLONG ASSAM 782441,PREPAID,20,,,,,,
78,,,,LEX DIGITAL,123456789,,,110053,BHAJANPURA,DELHI,BHAJANPURA,TOFIKUR RAHMAN,123456789,,781102,ASSAM,ASSAM,"DEHAR KURIHA, KAMRUP ASSAM 781102",PREPAID,20,,,,,,
79,,,,LEX DIGITAL,123456789,,,110053,BHAJANPURA,DELHI,BHAJANPURA,SADDAM HUSSAIN,123456789,,782126,ASSAM,ASSAM,VILL-SHAULMARI P.O-DOLOIGAON P.S-MOIRABARI MARIGAON ASSAM 782126,PREPAID,20,,,,,,
80,,,,LEX DIGITAL,123456789,,,110053,BHAJANPURA,DELHI,BHAJANPURA,MRIDUL BORA,123456789,,782426,ASSAM,ASSAM,VILL - MEDHIBHAKAT GAON PO PATIAPAM PS KAMPUR NAGAON ASSAM 782426,PREPAID,20,,,,,,
81,,,,LEX DIGITAL,123456789,,,110053,BHAJANPURA,DELHI,BHAJANPURA,MANIK SINGHA,123456789,,783381,ASSAM,ASSAM,"VILL TENGAIGAON, SIMLAGURI, CHIRANG, CHIRANG ASSAM 783381 BONGAIGAON",PREPAID,20,,,,,,
82,,,,LEX DIGITAL,123456789,,,110053,BHAJANPURA,DELHI,BHAJANPURA,RUSTAM ALI,123456789,,783371,ASSAM,ASSAM,"HARDEMARA,DHUBRI HARDEMARA DHUBRI ASSAM 783371",PREPAID,20,,,,,,
83,,,,LEX DIGITAL,123456789,,,110053,BHAJANPURA,DELHI,BHAJANPURA,RAFIK ALI,123456789,,785601,ASSAM,ASSAM,"TENGATAL PANCHAMUKHI, CHUNGAJAN EKORANI NO.1 P.O.- GOLAGHAT ASSAM 785601",PREPAID,20,,,,,,
84,,,,LEX DIGITAL,123456789,,,110053,BHAJANPURA,DELHI,BHAJANPURA,ARFIMA BEGUM,123456789,,781136,ASSAM,ASSAM,"BARUA GAON, KAMRUP ASSAM PS BOKO DIST 781136",PREPAID,20,,,,,,
85,,,,LEX DIGITAL,123456789,,,110053,BHAJANPURA,DELHI,BHAJANPURA,BEJNATH GUPTA,123456789,,782460,ASSAM,ASSAM,PANABARI GAON DIPHU . KARBI ANGLONG ASSAM 782460,PREPAID,20,,,,,,
86,,,,LEX DIGITAL,123456789,,,110053,BHAJANPURA,DELHI,BHAJANPURA,MANASH PRATIM BHARADWAJ,123456789,,784145,ASSAM,ASSAM,"HAZARIKAPARA,DARRANG, PS SIPAJHAR SUB DIVN MANGALDOI DIST DARRANG ASSAM 784145",PREPAID,20,,,,,,
87,,,,LEX DIGITAL,123456789,,,110053,BHAJANPURA,DELHI,BHAJANPURA,LAKHINATH MOHAN,123456789,,785670,ASSAM,ASSAM,"THANPATHER GAON, RANGOLI CHARAIDEO SIVASAGAR ASSAM 785670",PREPAID,20,,,,,,
88,,,,LEX DIGITAL,123456789,,,110053,BHAJANPURA,DELHI,BHAJANPURA,KUMUD DUTTA,123456789,,786010,ASSAM,ASSAM,NAHAR HAKU GAON DIBRUGARH ASSAM 786010,PREPAID,20,,,,,,
89,,,,LEX DIGITAL,123456789,,,110053,BHAJANPURA,DELHI,BHAJANPURA,CHAMPAK DAS,123456789,,781326,ASSAM,ASSAM,"DHARAMTALA, BARPETA, ,, BARPETA ASSAM 781326",PREPAID,20,,,,,,
90,,,,LEX DIGITAL,123456789,,,110053,BHAJANPURA,DELHI,BHAJANPURA,MAINUL HAQUE,123456789,,781102,ASSAM,ASSAM,"VILL KALITAKUCHI, PO KALITAKUCHI PS HAJO SUB DIVN KAMRUP RINKU ALI 9365707101 ABDUL KARIM 9094425066 ASSAM 781102",PREPAID,20,,,,,,
91,,,,LEX DIGITAL,123456789,,,110053,BHAJANPURA,DELHI,BHAJANPURA,RAHAM ALI,123456789,,784190,ASSAM,ASSAM,VILL TOWN PANBARI HABI PART PS DHULA SUB DIVN MANGALDOI DIST DARANG ASSAM DARRANG 784190,PREPAID,20,,,,,,
92,,,,LEX DIGITAL,123456789,,,110053,BHAJANPURA,DELHI,BHAJANPURA,SAHANUR ALI,123456789,,781001,ASSAM,ASSAM,H/NO. 5 DR. S.K. BHUYAN ROAD DIGHALI PUKHURI EAST PANBAZAR GUWAHATI ASSAM 781001,PREPAID,20,,,,,,
93,,,,LEX DIGITAL,123456789,,,110053,BHAJANPURA,DELHI,BHAJANPURA,ANAR HUSSAIN,123456789,,782104,ASSAM,ASSAM,"KHATARBARI ACHARABARI,BHURBANDHA DIST MORIGAON ASSAM MARIGAON 782104",PREPAID,20,,,,,,
94,,,,LEX DIGITAL,123456789,,,110053,BHAJANPURA,DELHI,BHAJANPURA,UTTAM KARMAKAR,123456789,,783126,ASSAM,ASSAM,"KHARIJA PAIKAN, PAIKAN PT-II P.O. - KRISHNAI, P.S- KRISHNAI DISTRICT- GOALPARA ASSAM 783126",PREPAID,20,,,,,,
95,,,,LEX DIGITAL,123456789,,,110053,BHAJANPURA,DELHI,BHAJANPURA,PRAJEN INGTI,123456789,,782480,ASSAM,ASSAM,KULIGAON KULI GAON KARBI ANGLONG ASSAM 782480,PREPAID,20,,,,,,
96,,,,LEX DIGITAL,123456789,,,110053,BHAJANPURA,DELHI,BHAJANPURA,PRAMOD KALITA,123456789,,781380,ASSAM,ASSAM,VILL-ISHADAGHARIA P.O.-KANIHA PS-RANGIA KAMRUP ASSAM 781380,PREPAID,20,,,,,,
97,,,,LEX DIGITAL,123456789,,,110053,BHAJANPURA,DELHI,BHAJANPURA,JYOTI PATAR,123456789,,782105,ASSAM,ASSAM,VILL TOWN MAJGAON PS MIKIRGAON SUB DIVN MORIGAON DIST PO BHUMURAGURI REF NO BUDHA RAM NATH 9365274917 MARIGAON ASSAM 782105,PREPAID,20,,,,,,
98,,,,LEX DIGITAL,123456789,,,110053,BHAJANPURA,DELHI,BHAJANPURA,MOMATA MORAN,123456789,,786160,ASSAM,ASSAM,TARANI GAON TINSUKIA ASSAM 786160,PREPAID,20,,,,,,
99,,,,LEX DIGITAL,123456789,,,110053,BHAJANPURA,DELHI,BHAJANPURA,ZAKIR HUSSAIN SK,123456789,,783360,ASSAM,ASSAM,"GOSSAIGAON NEPALPARA KOKRAJHAR,AS KOKRAJHAR ASSAM 783360",PREPAID,20,,,,,,
100,,,,LEX DIGITAL,123456789,,,110053,BHAJANPURA,DELHI,BHAJANPURA,SYED RAZUL HAQUE,123456789,,781380,ASSAM,ASSAM,"260, KENDUKONA, KENDUKONA RAILWAY STATION, BAMUNGAON, KAMRUP SUB DIVN RANGIA ASSAM 781380",PREPAID,20,,,,,,
101,,,,LEX DIGITAL,123456789,,,110053,BHAJANPURA,DELHI,BHAJANPURA,KHWDWMSA BORO,123456789,,784522,ASSAM,ASSAM,VILL CHATGIRI PO BOGPURI DIST UDALGURI DARRANG ASSAM 784522,PREPAID,20,,,,,,
102,,,,LEX DIGITAL,123456789,,,110053,BHAJANPURA,DELHI,BHAJANPURA,MONOMATI DEKA BARMAN,123456789,,781003,ASSAM,ASSAM,C 0 LATE PRAFFULA PURBANCHAL NAGAR CHANDMARI KAMRUP METRO ASSAM GUWAHATI 781003,PREPAID,20,,,,,,
103,,,,LEX DIGITAL,123456789,,,110053,BHAJANPURA,DELHI,BHAJANPURA,TIKEN BORAH,123456789,,787057,ASSAM,ASSAM,NIMATICHUK ERA DHAL DHEMAJI ASSAM 787057,PREPAID,20,,,,,,
104,,,,LEX DIGITAL,123456789,,,110053,BHAJANPURA,DELHI,BHAJANPURA,HARESH KUMAR THAKUR,123456789,,781035,ASSAM,ASSAM,"VILL-GARALI PO, PS- GARCHUK MNO KAMRUP ASSAM 781035",PREPAID,20,,,,,,
105,,,,LEX DIGITAL,123456789,,,110053,BHAJANPURA,DELHI,BHAJANPURA,RITA CHUTIA,123456789,,787026,ASSAM,ASSAM,CHAMARAJAN SAMARAJAN NC DHEMAJI JUGESH SHA 9954027193 RAJA SHARMA 9632748351 SUROV DEY 8473828957 BIJOY VERMA 9678141192 RAHUL DUTTA 8135924830 ASSAM 787026,PREPAID,20,,,,,,
106,,,,LEX DIGITAL,123456789,,,110053,BHAJANPURA,DELHI,BHAJANPURA,PRANJAL DUTTA,123456789,,785614,ASSAM,ASSAM,DERGAON GOLAGHAT MANASH PROTIM BORA - 8134906817 ASSAM 785614,PREPAID,20,,,,,,
107,,,,LEX DIGITAL,123456789,,,110053,BHAJANPURA,DELHI,BHAJANPURA,DHARMENDRA KALITA,123456789,,781022,ASSAM,ASSAM,CO PRADIP KALITA UDAYNAGAR KAINADHARA KHANAPARA KAMRUP METRO ASSAM 781022,PREPAID,20,,,,,,
108,,,,LEX DIGITAL,123456789,,,110053,BHAJANPURA,DELHI,BHAJANPURA,PRANATI BARMAN,123456789,,786001,ASSAM,ASSAM,GABHARU PATHAR BARD DIBRUGARH WEST ASSAM 786001,PREPAID,20,,,,,,
109,,,,LEX DIGITAL,123456789,,,110053,BHAJANPURA,DELHI,BHAJANPURA,AKHIL GOGOI,123456789,,785619,ASSAM,ASSAM,"-, BARUA GAON PATH, NEAR L P SCHOOL GAON, KOCHEEPATHAR KACHUPATHAR - GOLAGHAT ASSAM 785619",PREPAID,20,,,,,,
110,,,,LEX DIGITAL,123456789,,,110053,BHAJANPURA,DELHI,BHAJANPURA,BHASKAR JYOTI TAMULI,123456789,,781019,ASSAM,ASSAM,HOUSE NO 7 KAHILIPARA JATIA KAMRUP METRO ASSAM 781019,PREPAID,20,,,,,,
111,,,,LEX DIGITAL,123456789,,,110053,BHAJANPURA,DELHI,BHAJANPURA,JOYDEV KALITA,123456789,,783125,ASSAM,ASSAM,VILL KARIPARA PT 1 PS MATIA GOALPARA ASSAM 783125,PREPAID,20,,,,,,
112,,,,LEX DIGITAL,123456789,,,110053,BHAJANPURA,DELHI,BHAJANPURA,MD NOBI HUSSAIN,123456789,,782428,ASSAM,ASSAM,SIMLAI PATHAR NAGAON . ASSAM 782428,PREPAID,20,,,,,,
113,,,,LEX DIGITAL,123456789,,,110053,BHAJANPURA,DELHI,BHAJANPURA,WAIZUL HAQUE,123456789,,782127,ASSAM,ASSAM,AMARAGURI JALAKIABORI PS LAHARIGHAT SUB DIVN MORIGAON DIST NITUL BHOWMIK 7002437657 RAHUL 7005507210 MARIGAON ASSAM 782127,PREPAID,20,,,,,,
114,,,,LEX DIGITAL,123456789,,,110053,BHAJANPURA,DELHI,BHAJANPURA,DEVA PADUN,123456789,,785104,ASSAM,ASSAM,"BHURAMORA,RANUCHUK, RONGACHAHI MAJULI JORHAT ASSAM 785104",PREPAID,20,,,,,,
115,,,,LEX DIGITAL,123456789,,,110053,BHAJANPURA,DELHI,BHAJANPURA,NITYANANDA SAIKIA,123456789,,785640,ASSAM,ASSAM,STREET/ROAD/LANE DHAI ALI AREA/LOCALITY/SECTOR JOYRAPAR SIVASAGAR VILLAGE/TOWN/CITY JOYAPAR DISTRICT SIBSAGAR PO NIJUMONI SAIKIA 8638309244 BOIKUNTHA BORAH 6001218081 ASSAM 785640,PREPAID,20,,,,,,
116,,,,LEX DIGITAL,123456789,,,110053,BHAJANPURA,DELHI,BHAJANPURA,SWMDWN BRAHMA,123456789,,781360,ASSAM,ASSAM,VILL NAGAPUR NO.1KALIPUR DIST BAKSA NALBARI ASSAM 781360,PREPAID,20,,,,,,
117,,,,LEX DIGITAL,123456789,,,110053,BHAJANPURA,DELHI,BHAJANPURA,RAMLAL GOALA,123456789,,788126,ASSAM,ASSAM,VILL HATI KURI GRANT PS LAKHIPUR SUB DIVN CACHAR ASSAM 788126,PREPAID,20,,,,,,
118,,,,LEX DIGITAL,123456789,,,110053,BHAJANPURA,DELHI,BHAJANPURA,SAHATUN NESSA,123456789,,783126,ASSAM,ASSAM,"VILL-ASHUDUBI P/S-KRISHNAI,P/O-KRISHNAI DISTRICT-GOALPARA GOALPARA ASSAM 783126",PREPAID,20,,,,,,
119,,,,LEX DIGITAL,123456789,,,110053,BHAJANPURA,DELHI,BHAJANPURA,PUJA MORAN,123456789,,786174,ASSAM,ASSAM,NALANI PHUPHULAJAN TINSUKIA ASSAM 786174,PREPAID,20,,,,,,
120,,,,LEX DIGITAL,123456789,,,110053,BHAJANPURA,DELHI,BHAJANPURA,AGNIS SULTANA SODIAL,123456789,,788003,ASSAM,ASSAM,VILL TARAPUR PART 4 PS SILCHAR SADAR SUB DIVN CACHAR ASSAM 788003,PREPAID,20,,,,,,
121,,,,LEX DIGITAL,123456789,,,110053,BHAJANPURA,DELHI,BHAJANPURA,RAJIV BORA,123456789,,786152,ASSAM,ASSAM,VILL-HUNJAN GAON MAITHANGPANI MAITHONG PANI NO-1 PS KAKOPATHAR SUB DIVN SADIYA DIST TINSUKIA ASSAM 786152,PREPAID,20,,,,,,
122,,,,LEX DIGITAL,123456789,,,110053,BHAJANPURA,DELHI,BHAJANPURA,MEHARUL ISLAM,123456789,,781137,ASSAM,ASSAM,VILL 1NO KALAPANI PO PANIKHAITY PS CHAYGAON KAMRUP ASSAM 781137,PREPAID,20,,,,,,
123,,,,LEX DIGITAL,123456789,,,110053,BHAJANPURA,DELHI,BHAJANPURA,SIDDIK ALI,123456789,,783126,ASSAM,ASSAM,ASHUDUBI GOALPARA ASSAM 783126,PREPAID,20,,,,,,
124,,,,LEX DIGITAL,123456789,,,110053,BHAJANPURA,DELHI,BHAJANPURA,KUKIL BORUAH,123456789,,784164,ASSAM,ASSAM,VILL TOWN NO 2 BAHUPATHAR PS BIHPURIA SUBDIVN NORTH LAKHIMPUR DIST ASSAM 784161 784164,PREPAID,20,,,,,,
125,,,,LEX DIGITAL,123456789,,,110053,BHAJANPURA,DELHI,BHAJANPURA,MAHIDUL ISLAM,123456789,,781311,ASSAM,ASSAM,VILL BAGODI PS BARPETA DIST ASSAM 781311,PREPAID,20,,,,,,
126,,,,LEX DIGITAL,123456789,,,110053,BHAJANPURA,DELHI,BHAJANPURA,JUNMONI KALITA BORA,123456789,,782446,ASSAM,ASSAM,VILL-3 NO KAKI PS-KAKI DIST-NAGAON ASSAM NAGAON 782446,PREPAID,20,,,,,,
127,,,,LEX DIGITAL,123456789,,,110053,BHAJANPURA,DELHI,BHAJANPURA,BIGAN DAS,123456789,,844121,BIHAR,BIHAR,SALLAHAPUR LALGANJ VAISHALI BIHAR 844121,PREPAID,20,,,,,,
128,,,,LEX DIGITAL,123456789,,,110053,BHAJANPURA,DELHI,BHAJANPURA,MD MOJIBUR RAHMAN,123456789,,854318,BIHAR,BIHAR,WARD NO 07 RAMPUR NORTH FORBESGANJ ARARIA BIHAR 854318,PREPAID,20,,,,,,
129,,,,LEX DIGITAL,123456789,,,110053,BHAJANPURA,DELHI,BHAJANPURA,MITHALESH SAHNI,123456789,,847107,BIHAR,BIHAR,C/O JAMUN SAHANI SUSTA KEOTSA BARUARI MUZAFFARPUR BIHAR 847107,PREPAID,20,,,,,,
130,,,,LEX DIGITAL,123456789,,,110053,BHAJANPURA,DELHI,BHAJANPURA,CHANDAN KUMAR MISHRA,123456789,,843127,BIHAR,BIHAR,"VILL-SISWA POST-RAMPUR MINA , MUZAFFARPUR BIHAR 843127",PREPAID,20,,,,,,
131,,,,LEX DIGITAL,123456789,,,110053,BHAJANPURA,DELHI,BHAJANPURA,PAWAN KUMAR MANDAL,123456789,,847122,BIHAR,BIHAR,VILLAGE MADHIYA POST KAZI TOLA CHAPARIYA PS BISFI MADHUBANI BIHAR 847122,PREPAID,20,,,,,,
132,,,,LEX DIGITAL,123456789,,,110053,BHAJANPURA,DELHI,BHAJANPURA,KUNAL KUMAR,123456789,,800011,BIHAR,BIHAR,"104,YADAV COLONY DIGHA,NIRALA NAGAR POLSAN ROAD PATNA BIHAR 800011",PREPAID,20,,,,,,
133,,,,LEX DIGITAL,123456789,,,110053,BHAJANPURA,DELHI,BHAJANPURA,DIPAK KUMAR YADAV,123456789,,854337,BIHAR,BIHAR,"S/O VIDHYANAND YADAV,, INDIA, , SHRINAGAR RANIPATRA PURNIA BIHAR 854337",PREPAID,20,,,,,,
134,,,,LEX DIGITAL,123456789,,,110053,BHAJANPURA,DELHI,BHAJANPURA,SHRAVAN KUMAR SHARMA,123456789,,844101,PUNJAB,PUNJAB,CHANAKYA COLONY SECTOR 1 HAJIPUR PUNJAB 844101,PREPAID,20,,,,,,
135,,,,LEX DIGITAL,123456789,,,110053,BHAJANPURA,DELHI,BHAJANPURA,RANJAN KUMAR,123456789,,844120,BIHAR,BIHAR,"W NO 3,HOSPITAL,KURHANI MUZAFFARPUR BIHAR 844120",PREPAID,20,,,,,,
136,,,,LEX DIGITAL,123456789,,,110053,BHAJANPURA,DELHI,BHAJANPURA,UDAY KUMAR,123456789,,843103,BIHAR,BIHAR,"517,BERAI,KHANPUR RD,HANUMAN MANDIR MUZAFFARPUR BIHAR 843103",PREPAID,20,,,,,,
137,,,,LEX DIGITAL,123456789,,,110053,BHAJANPURA,DELHI,BHAJANPURA,KESHAV KR THAKUR,123456789,,847225,BIHAR,BIHAR,JASO WARD 01 MADHUBANI BIHAR 847225,PREPAID,20,,,,,,
138,,,,LEX DIGITAL,123456789,,,110053,BHAJANPURA,DELHI,BHAJANPURA,RANJEET KUMAR YADAV,123456789,,843110,BIHAR,BIHAR,S/O NAGDEV RAY PARANPUR VAISHALI BIHAR 843110,PREPAID,20,,,,,,
139,,,,LEX DIGITAL,123456789,,,110053,BHAJANPURA,DELHI,BHAJANPURA,SANJAY KUMAR SINHA,123456789,,800004,BIHAR,BIHAR,"S/O LATE BRAJESHWAR PRASAD SINHA KHAZANCHI ROAD GALI NO 1,NEAR DR MOHAN SINGH LAB PATNA BIHAR ARYA KUMAR 800004",PREPAID,20,,,,,,
140,,,,LEX DIGITAL,123456789,,,110053,BHAJANPURA,DELHI,BHAJANPURA,SHAMBHU BARAN BHAGAT,123456789,,843302,BIHAR,BIHAR,WARD NO 15 VILLAGE GOSAIPUR GOSAINPUR PS DUMAR SITAMARHI BIHAR 843302,PREPAID,20,,,,,,
141,,,,LEX DIGITAL,123456789,,,110053,BHAJANPURA,DELHI,BHAJANPURA,SIMPI KUMARI,123456789,,800024,BIHAR,BIHAR,C/O ANSHU KUMAR INDRAPURI ROAD NO 5B /12 PO KESHRI NAGAR PATNA BIHAR 800024,PREPAID,20,,,,,,
142,,,,LEX DIGITAL,123456789,,,110053,BHAJANPURA,DELHI,BHAJANPURA,SARVESH MUKHIYA,123456789,,843302,BIHAR,BIHAR,WARD 07 RAJOPATTI CHAKMAHILA SITAMARHI BAZAR DUMRA BRAHAM STHAN BIHAR 843302,PREPAID,20,,,,,,
143,,,,LEX DIGITAL,123456789,,,110053,BHAJANPURA,DELHI,BHAJANPURA,SANGITA DEVI,123456789,,847224,BIHAR,BIHAR,"WARD NO 06, BELA , BABUBARHI BELA, MADHUBANI, BIHAR BABUBARHI, MADHUBANI 847224",PREPAID,20,,,,,,
144,,,,LEX DIGITAL,123456789,,,110053,BHAJANPURA,DELHI,BHAJANPURA,KAILASH H YADAV,123456789,,848203,BIHAR,BIHAR,WARD NO 14 GRAM LADAURA SAHSI ALAULI KHAGARIA BIHAR 848203 VIVEK KUMAR 6301457514 -,PREPAID,20,,,,,,
145,,,,LEX DIGITAL,123456789,,,110053,BHAJANPURA,DELHI,BHAJANPURA,MD ARSAD ALAM,123456789,,854335,BIHAR,BIHAR,WARD NO-02 MUSLIM TOLA PITHAURA THANA-NARPATGANJ NARPATGANJ ARARIA BIHAR 854335,PREPAID,20,,,,,,
146,,,,LEX DIGITAL,123456789,,,110053,BHAJANPURA,DELHI,BHAJANPURA,ANGURI KHATOON,123456789,,852106,BIHAR,BIHAR,"W/O MD RAHIM DHANUPRA, WARD NO 09 SARAUNJA THANA SITANABAD SAHARSA BIHAR 852106",PREPAID,20,,,,,,
147,,,,LEX DIGITAL,123456789,,,110053,BHAJANPURA,DELHI,BHAJANPURA,ANWAR MIYAN,123456789,,845101,BIHAR,BIHAR,AT MEHURA WARD NO 10 WEST CHAMPARAN BIHAR 845101,PREPAID,20,,,,,,
148,,,,LEX DIGITAL,123456789,,,110053,BHAJANPURA,DELHI,BHAJANPURA,MANGLA LAL GANESH,123456789,,855101,BIHAR,BIHAR,AT- BALUBARI WARD- 09 PO- DIGALBANK PS- KISHANGANJ BIHAR 855101,PREPAID,20,,,,,,
149,,,,LEX DIGITAL,123456789,,,110053,BHAJANPURA,DELHI,BHAJANPURA,GAURAV VATSA,123456789,,854311,BIHAR,BIHAR,"AT- ARARIA W/NO 08, PO/PS- ARARI, DIST- ARARIA, BIHAR 854311",PREPAID,20,,,,,,
150,,,,LEX DIGITAL,123456789,,,110053,BHAJANPURA,DELHI,BHAJANPURA,UMESH KUMAR,123456789,,841208,BIHAR,BIHAR,VILL-KARANPURA PO-AMDARAHI PS-EKMA SARAN BIHAR 841208,PREPAID,20,,,,,,
151,,,,LEX DIGITAL,123456789,,,110053,BHAJANPURA,DELHI,BHAJANPURA,SUMIT KUMAR,123456789,,848201,BIHAR,BIHAR,S/O SHAMBHU PRASAD SINGH WARD NO 01 MOHANPUR BEGUSARAI BIHAR 848201 RISHI KANT 7808599202,PREPAID,20,,,,,,
